Link Post,Tanggal
https://www.instagram.com/depozahrabangunan/reel/DWs3cNpiaPI/,4 April 2026
https://www.instagram.com/depozahrabangunan/reel/DWlcV1UCUy4/,1 April 2026
https://www.instagram.com/depozahrabangunan/p/DWh8JsKE45M/,31 Maret 2026
https://www.instagram.com/depozahrabangunan/reel/DWgDDxnCR_T/,30 Maret 2026
https://www.instagram.com/berita_aceh/reel/DWd2ScUEQzG/,29 Maret 2026
https://www.instagram.com/depozahrabangunan/reel/DWaOPDxkxNO/,28 Maret 2026
https://www.instagram.com/depozahrabangunan/reel/DWVhV7CidKq/,26 Maret 2026
https://www.instagram.com/depozahrabangunan/p/DWGUlwqiT3U/,20 Maret 2026
https://www.instagram.com/depozahrabangunan/reel/DWDQpIjk1E1/,19 Maret 2026
https://www.instagram.com/depozahrabangunan/reel/DV-zO1HCX1e/,17 Maret 2026
https://www.instagram.com/depozahrabangunan/reel/DV2O70UEyse/,14 Maret 2026
https://www.instagram.com/depozahrabangunan/reel/DV3WN7cCeY-/,14 Maret 2026
https://www.instagram.com/depozahrabangunan/reel/DVufofvE592/,11 Maret 2026
https://www.instagram.com/depozahrabangunan/reel/DVsofe-iW3x/,10 Maret 2026
https://www.instagram.com/depozahrabangunan/reel/DValI3Jky8K/,3 Maret 2026
https://www.instagram.com/depozahrabangunan/reel/DVTDnsPk77Z/,28 Februari 2026
https://www.instagram.com/depozahrabangunan/reel/DVS9NpDE5rt/,28 Februari 2026
https://www.instagram.com/depozahrabangunan/reel/DVQz0K-Exjw/,27 Februari 2026
https://www.instagram.com/depozahrabangunan/reel/DVOdf56E88Y/,26 Februari 2026
https://www.instagram.com/depozahrabangunan/p/DVLRcYnE_bT/,25 Februari 2026
https://www.instagram.com/depozahrabangunan/reel/DVLErzPkzbj/,25 Februari 2026
https://www.instagram.com/depozahrabangunan/reel/DVJQPwJE7_q/,24 Februari 2026
https://www.instagram.com/depozahrabangunan/p/DVIY2SYE2VZ/,24 Februari 2026
https://www.instagram.com/depozahrabangunan/reel/DVItQWTie3k/,24 Februari 2026
https://www.instagram.com/berita_aceh/reel/DVFbAikEa8r/,23 Februari 2026
https://www.instagram.com/depozahrabangunan/reel/DVGfdA3k2wK/,23 Februari 2026
https://www.instagram.com/depozahrabangunan/reel/DVEGqUHk2K0/,22 Februari 2026
https://www.instagram.com/depozahrabangunan/reel/DVCtnfKE-mp/,22 Februari 2026
https://www.instagram.com/depozahrabangunan/reel/DU7uV4XE0_C/,19 Februari 2026
https://www.instagram.com/depozahrabangunan/reel/DU4aQiBEznJ/,18 Februari 2026
https://www.instagram.com/depozahrabangunan/p/DU5Gah1k1yf/,18 Februari 2026
https://www.instagram.com/depozahrabangunan/p/DU5XO1WE7Os/,18 Februari 2026
https://www.instagram.com/depozahrabangunan/reel/DU2FIrWk1CG/,17 Februari 2026
https://www.instagram.com/depozahrabangunan/reel/DU0H0a9E9Xk/,16 Februari 2026
https://www.instagram.com/depozahrabangunan/p/DUuI1jSkyv_/,14 Februari 2026
https://www.instagram.com/depozahrabangunan/reel/DUu9Tttkwht/,14 Februari 2026
https://www.instagram.com/depozahrabangunan/reel/DUrsXpzk6zY/,13 Februari 2026
https://www.instagram.com/depozahrabangunan/reel/DUseGsvE-aA/,13 Februari 2026
https://www.instagram.com/depozahrabangunan/reel/DUpsfcBE1Pr/,12 Februari 2026
https://www.instagram.com/depozahrabangunan/reel/DUnDKQVE429/,11 Februari 2026
https://www.instagram.com/depozahrabangunan/p/DUjw0IBEzs9/,10 Februari 2026
https://www.instagram.com/depozahrabangunan/reel/DUif88xk1S3/,9 Februari 2026
https://www.instagram.com/depozahrabangunan/p/DUiMGJTk_oV/,9 Februari 2026
https://www.instagram.com/depozahrabangunan/reel/DUe-l9fkyux/,8 Februari 2026
https://www.instagram.com/depozahrabangunan/reel/DUZ6A6wk-4A/,6 Februari 2026
https://www.instagram.com/depozahrabangunan/reel/DUUb_t8k6Ij/,4 Februari 2026
https://www.instagram.com/depozahrabangunan/reel/DUSzhgmE-1x/,3 Februari 2026
https://www.instagram.com/depozahrabangunan/p/DUR--BokzDh/,3 Februari 2026
https://www.instagram.com/depozahrabangunan/reel/DUQMvXUk5T0/,2 Februari 2026
https://www.instagram.com/depozahrabangunan/reel/DUKQm3JE6ow/,31 Januari 2026
https://www.instagram.com/depozahrabangunan/reel/DUK5RHoE15K/,31 Januari 2026
https://www.instagram.com/depozahrabangunan/p/DUI107zE0YF/,30 Januari 2026
https://www.instagram.com/depozahrabangunan/reel/DUFtFOMk599/,29 Januari 2026
https://www.instagram.com/depozahrabangunan/reel/DUCX7FWEwwh/,28 Januari 2026
https://www.instagram.com/depozahrabangunan/p/DUDWiQVE5aq/,28 Januari 2026
https://www.instagram.com/depozahrabangunan/reel/DUAGromE4je/,27 Januari 2026
https://www.instagram.com/depozahrabangunan/p/DT-ERAJkw8k/,26 Januari 2026
https://www.instagram.com/depozahrabangunan/reel/DT-Yl2Mkzri/,26 Januari 2026
https://www.instagram.com/depozahrabangunan/reel/DT76yHfk7H1/,25 Januari 2026
https://www.instagram.com/depozahrabangunan/reel/DT2vgq_E5-Q/,23 Januari 2026
https://www.instagram.com/depozahrabangunan/reel/DTzhahikz68/,22 Januari 2026
https://www.instagram.com/depozahrabangunan/reel/DTuLwvGk8Hy/,20 Januari 2026
https://www.instagram.com/depozahrabangunan/p/DTrzhrtk3J4/,19 Januari 2026
https://www.instagram.com/depozahrabangunan/reel/DTm58mIkycA/,17 Januari 2026
https://www.instagram.com/depozahrabangunan/p/DTjee32EyFa/,16 Januari 2026
https://www.instagram.com/depozahrabangunan/reel/DTkD4Nekx-B/,16 Januari 2026
https://www.instagram.com/depozahrabangunan/reel/DTh3ORHEyva/,15 Januari 2026
https://www.instagram.com/depozahrabangunan/reel/DTe1wlrk9fw/,14 Januari 2026
https://www.instagram.com/depozahrabangunan/reel/DTc_jO6k_vM/,13 Januari 2026
https://www.instagram.com/depozahrabangunan/reel/DTcbtk0CVfh/,13 Januari 2026
https://www.instagram.com/depozahrabangunan/reel/DTaFCRIk0nP/,12 Januari 2026
https://www.instagram.com/depozahrabangunan/p/DTWoIi-E3xT/,11 Januari 2026
https://www.instagram.com/depozahrabangunan/reel/DTXaceJk7xx/,11 Januari 2026
https://www.instagram.com/depozahrabangunan/reel/DTR_0bgE_ZT/,9 Januari 2026
https://www.instagram.com/depozahrabangunan/reel/DTPsYn7E_fq/,8 Januari 2026
https://www.instagram.com/depozahrabangunan/reel/DTQK_Vak6fD/,8 Januari 2026
https://www.instagram.com/depozahrabangunan/reel/DTM1UHwk82g/,7 Januari 2026
https://www.instagram.com/depozahrabangunan/reel/DTLKBZ2k7FP/,6 Januari 2026
https://www.instagram.com/depozahrabangunan/reel/DTKqjVtk7gh/,6 Januari 2026
https://www.instagram.com/depozahrabangunan/reel/DTIegP3kywz/,5 Januari 2026
https://www.instagram.com/depozahrabangunan/reel/DTHcq6Qk2s9/,5 Januari 2026
https://www.instagram.com/depozahrabangunan/reel/DTB4DkFE0By/,3 Januari 2026
https://www.instagram.com/depozahrabangunan/reel/DTC0v-KE5NZ/,3 Januari 2026
https://www.instagram.com/depozahrabangunan/reel/DS_sbpoEzc9/,2 Januari 2026
https://www.instagram.com/depozahrabangunan/reel/DS88-4aE4TA/,1 Januari 2026
https://www.instagram.com/depozahrabangunan/reel/DS1yJ51E-x-/,29 Desember 2025
https://www.instagram.com/depozahrabangunan/reel/DSyqU21k7to/,28 Desember 2025
https://www.instagram.com/depozahrabangunan/p/DSt9zu9E1xH/,26 Desember 2025
https://www.instagram.com/depozahrabangunan/reel/DStaK9uE-19/,26 Desember 2025
https://www.instagram.com/depozahrabangunan/p/DSmEzhzkwlm/,23 Desember 2025
https://www.instagram.com/depozahrabangunan/reel/DSfPkMFk_5D/,20 Desember 2025
https://www.instagram.com/depozahrabangunan/reel/DSYzoASExhH/,18 Desember 2025
https://www.instagram.com/depozahrabangunan/reel/DSRvWQEE1WX/,15 Desember 2025
https://www.instagram.com/depozahrabangunan/reel/DSHfRBnk0gL/,11 Desember 2025
https://www.instagram.com/depozahrabangunan/p/DR1EBcsk3E1/,4 Desember 2025
https://www.instagram.com/depozahrabangunan/reel/DRqzpLhk8i2/,30 November 2025
https://www.instagram.com/depozahrabangunan/reel/DRiwLSpE16V/,27 November 2025
https://www.instagram.com/depozahrabangunan/reel/DRg9vXXE5Zy/,26 November 2025
https://www.instagram.com/depozahrabangunan/p/DRdjiMvE6Z0/,25 November 2025
https://www.instagram.com/depozahrabangunan/p/DRcBwhokwuS/,24 November 2025
